Unnamed: 0,item_id,title,category,price,old_price,sellable_online,url,other_colors,short_description,designer,depth,height,width,room_type
1948,69898415,TÄRNÖ,Outdoor furniture,199.0,No old price,True,https://www.ikea.com/sa/en/p/taernoe-table-2-chairs-outdoor-black-acacia-grey-brown-stained-steel-light-brown-stained-s69898415/,Yes,"        Table+2 chairs, outdoor",IKEA of Sweden,,,,Balcony
1949,49048425,GÅRÖ / FREDÖN,Outdoor furniture,564.0,No old price,True,https://www.ikea.com/sa/en/p/garoe-fredoen-hammock-with-stand-grey-beige-s49048425/,No,        Hammock with stand,IKEA of Sweden,,129.0,119.0,Balcony
1950,19217863,FALHOLMEN,Outdoor furniture,1431.0,No old price,True,https://www.ikea.com/sa/en/p/falholmen-table-4-chairs-w-armrests-outdoor-grey-brown-light-brown-stained-ytteroen-blue-s19217863/,Yes,"        Table+4 chairs w armrests, outdoor",IKEA of Sweden/Andreas Fredriksson,,,,Balcony
1951,80213446,ÄPPLARÖ,Outdoor furniture,205.0,No old price,True,https://www.ikea.com/sa/en/p/aepplaroe-table-stool-section-outdoor-brown-stained-brown-80213446/,No,"        Table/stool section, outdoor,          63x63 cm",K Hagberg/M Hagberg,,28.0,63.0,Balcony
1952,80208529,ÄPPLARÖ,Outdoor furniture,445.0,No old price,True,https://www.ikea.com/sa/en/p/aepplaroe-bench-with-backrest-outdoor-brown-stained-brown-80208529/,No,"        Bench with backrest, outdoor",K Hagberg/M Hagberg,65.0,80.0,117.0,Balcony
1953,19217518,MASTHOLMEN,Outdoor furniture,984.0,No old price,True,https://www.ikea.com/sa/en/p/mastholmen-2-seat-conversation-set-outdoor-rattan-s19217518/,No,"        2-seat conversation set, outdoor",Nike Karlsson,,,,Balcony
1954,29289821,ÄPPLARÖ,Outdoor furniture,3442.0,No old price,True,https://www.ikea.com/sa/en/p/aepplaroe-table-6-chairs-armr-bench-outdoor-brown-stained-ytteroen-blue-s29289821/,Yes,"        Table+6 chairs armr+bench, outdoor",IKEA of Sweden/K Hagberg/M Hagberg,,,,Balcony
1955,10411440,TOSTERÖ,Outdoor furniture,175.0,No old price,True,https://www.ikea.com/sa/en/p/tosteroe-storage-box-outdoor-black-10411440/,No,"        Storage box, outdoor,          129x44x79 cm","104.114.40 This waterproof storage box protects your outdoor pads and cushions from rain, sun, dirt, dust and pollen and helps you keep them organised when they’re not being used.Protecting your outdoor pads and cushions in a waterproof storage box is a simple and effective way to make them look new and fresh longer.The colour stays fresh for longer as the fabric is fade resistant. Handles make it easy to move.Make sure the cushions are completely dry before storing them away in the storage box.During the off-season, store the box filled with cushions in a cool dry place indoors.The storage box is light in weight, so you may need to fill it to keep it from moving around in the wind.For example, the storage box can be filled with 3 seat cushions and 3 back cushions for outdoor sofas and 4 decorative cushions.For example, the storage box can be filled with 6 seat/back cushions and 6 decorative cushions.For example, the storage box can be filled with 2 seat cushions and 2 back cushions for outdoor sofas, 2 chair cushions for armchairs and 2-4 decorative cushions.",44.0,79.0,129.0,Balcony
1956,49054015,ÄPPLARÖ,Outdoor furniture,384.0,No old price,True,https://www.ikea.com/sa/en/p/aepplaroe-wall-panel-gate-leg-table-outdoor-brown-stained-s49054015/,No,"        Wall panel+gate-leg table, outdoor,          80x62x158 cm",K Hagberg/M Hagberg,62.0,158.0,80.0,Balcony
1957,40332682,BROMMÖ,Outdoor furniture,205.0,No old price,True,https://www.ikea.com/sa/en/p/brommoe-lounger-outdoor-black-brown-stained-brown-40332682/,No,"        Lounger, outdoor",IKEA of Sweden,92.0,89.0,48.0,Balcony
1958,79183681,ÄPPLARÖ,Outdoor furniture,1786.0,No old price,True,https://www.ikea.com/sa/en/p/aepplaroe-table-2-chrs-w-armr-bench-brown-stained-ytteroen-blue-s79183681/,Yes,        Table+2 chrs w armr+bench,K Hagberg/M Hagberg/IKEA of Sweden,,,,Balcony
1959,80287362,FREDÖN,Outdoor furniture,225.0,No old price,True,https://www.ikea.com/sa/en/p/fredoen-hammock-beige-80287362/,No,        Hammock,IKEA of Sweden,,,100.0,Balcony
1960,70228325,RESÖ,Outdoor furniture,205.0,No old price,True,https://www.ikea.com/sa/en/p/resoe-childrens-picnic-table-grey-brown-stained-grey-brown-70228325/,No,        Children's picnic table,IKEA of Sweden,,49.0,89.0,Balcony
1961,20204925,ÄPPLARÖ,Outdoor furniture,99.0,No old price,True,https://www.ikea.com/sa/en/p/aepplaroe-stool-outdoor-foldable-brown-stained-20204925/,No,"        Stool, outdoor",K Hagberg/M Hagberg,38.0,42.0,40.0,Balcony
1962,99262168,ÄPPLARÖ,Outdoor furniture,2576.0,No old price,True,https://www.ikea.com/sa/en/p/aepplaroe-modular-corner-sofa-3-seat-outdoor-brown-stained-froesoen-duvholmen-dark-grey-s99262168/,Yes,"        Modular corner sofa 3-seat, outdoor,          143/223x80x84 cm",Eva Lilja Löwenhielm/K Hagberg/M Hagberg/IKEA of Sweden,80.0,84.0,223.0,Balcony
1963,39291418,ÄPPLARÖ,Outdoor furniture,841.0,No old price,True,https://www.ikea.com/sa/en/p/aepplaroe-wall-panel-gatleg-table-2-chairs-brown-stained-kuddarna-grey-s39291418/,Yes,        Wall panel+gatleg table+2 chairs,K Hagberg/M Hagberg/IKEA of Sweden,,,,Balcony
1964,324561,TOSTERÖ,Outdoor furniture,79.0,No old price,True,https://www.ikea.com/sa/en/p/tosteroe-parasol-cover-black-00324561/,No,"        Parasol cover,          220 cm",IKEA of Sweden,,,,Balcony
1965,49275903,ÄPPLARÖ,Outdoor furniture,2781.0,No old price,True,https://www.ikea.com/sa/en/p/aepplaroe-4-seat-conversation-set-outdoor-brown-stained-froesoen-duvholmen-dark-grey-s49275903/,Yes,"        4-seat conversation set, outdoor",Eva Lilja Löwenhielm/IKEA of Sweden/K Hagberg/M Hagberg,,,,Balcony
1966,39251993,HAVSTEN,Outdoor furniture,950.0,No old price,True,https://www.ikea.com/sa/en/p/havsten-add-on-unit-in-outdoor-beige-s39251993/,No,"        Add-on unit, in/outdoor,          83x94x90 cm",Andreas Fredriksson,94.0,90.0,83.0,Balcony
1967,80336466,KROKHOLMEN,Outdoor furniture,175.0,No old price,True,https://www.ikea.com/sa/en/p/krokholmen-coffee-table-outdoor-beige-80336466/,No,"        Coffee table, outdoor",Marcus Arvonen,,44.0,,Balcony
1968,20208527,ÄPPLARÖ,Outdoor furniture,255.0,No old price,True,https://www.ikea.com/sa/en/p/aepplaroe-chair-with-armrests-outdoor-brown-stained-brown-20208527/,No,"        Chair with armrests, outdoor",K Hagberg/M Hagberg,65.0,82.0,62.0,Balcony
1969,50313094,FALHOLMEN,Outdoor furniture,155.0,No old price,True,https://www.ikea.com/sa/en/p/falholmen-chair-with-armrests-outdoor-grey-brown-stained-light-brown-stained-50313094/,No,"        Chair with armrests, outdoor",Andreas Fredriksson,55.0,80.0,57.0,Balcony
1970,10205181,ÄPPLARÖ,Outdoor furniture,255.0,No old price,True,https://www.ikea.com/sa/en/p/aepplaroe-bench-outdoor-brown-stained-brown-10205181/,No,"        Bench, outdoor,          114 cm",K Hagberg/M Hagberg,41.0,44.0,114.0,Balcony
1971,49256867,SOLLERÖN,Outdoor furniture,4783.0,No old price,True,https://www.ikea.com/sa/en/p/solleroen-4-seat-conversation-set-outdoor-brown-froesoen-duvholmen-beige-s49256867/,Yes,"        4-seat conversation set, outdoor",Jonas Hultqvist/IKEA of Sweden/Eva Lilja Löwenhielm,,,,Balcony
1972,90208543,ÄPPLARÖ,Outdoor furniture,519.0,No old price,True,https://www.ikea.com/sa/en/p/aepplaroe-sun-lounger-brown-stained-brown-90208543/,No,        Sun lounger,K Hagberg/M Hagberg,,33.0,71.0,Balcony
1973,59048415,VÄDDÖ,Outdoor furniture,477.0,SR 795,True,https://www.ikea.com/sa/en/p/vaeddoe-table-4-chairs-outdoor-white-s59048415/,No,"        Table+4 chairs, outdoor",Henrik Preutz,,,,Balcony
1974,30264565,HÅLLÖ,Outdoor furniture,245.0,No old price,True,https://www.ikea.com/sa/en/p/halloe-sun-lounger-pad-black-30264565/,No,"        Sun lounger pad,          190x60 cm",IKEA of Sweden,,,60.0,Balcony
1975,401941,SJÄLLAND,Outdoor furniture,180.0,SR 225,True,https://www.ikea.com/sa/en/p/sjaelland-table-top-light-brown-00401941/,Yes,"        Table top,          67x67 cm",David Wahl,,,67.0,Balcony
1976,50339206,MASTHOLMEN,Outdoor furniture,465.0,No old price,True,https://www.ikea.com/sa/en/p/mastholmen-armchair-outdoor-50339206/,No,"        Armchair, outdoor",Nike Karlsson,67.0,80.0,68.0,Balcony
1977,39286153,ASKHOLMEN,Outdoor furniture,465.0,No old price,True,https://www.ikea.com/sa/en/p/askholmen-table-2-chairs-outdoor-grey-brown-stained-kuddarna-beige-s39286153/,Yes,"        Table+2 chairs, outdoor",IKEA of Sweden,,,,Balcony
1978,19212182,ASKHOLMEN,Outdoor furniture,771.0,No old price,True,https://www.ikea.com/sa/en/p/askholmen-table-4-chairs-outdoor-grey-brown-stained-s19212182/,Yes,"        Table+4 chairs, outdoor",IKEA of Sweden,,,,Balcony
1979,20411425,STACKHOLMEN,Outdoor furniture,125.0,No old price,True,https://www.ikea.com/sa/en/p/stackholmen-stool-outdoor-light-brown-stained-20411425/,No,"        Stool, outdoor,          48x35x43 cm",Ola Wihlborg,,43.0,35.0,Balcony
1980,70208539,ÄPPLARÖ,Outdoor furniture,275.0,No old price,True,https://www.ikea.com/sa/en/p/aepplaroe-reclining-chair-outdoor-brown-foldable-brown-stained-brown-70208539/,No,"        Reclining chair, outdoor",K Hagberg/M Hagberg,80.0,101.0,63.0,Balcony
1981,50208535,ÄPPLARÖ,Outdoor furniture,395.0,No old price,True,https://www.ikea.com/sa/en/p/aepplaroe-gateleg-table-outdoor-brown-stained-brown-50208535/,No,"        Gateleg table, outdoor,          20/77/133x62 cm",K Hagberg/M Hagberg,,71.0,62.0,Balcony
1982,39251988,HAVSTEN,Outdoor furniture,4785.0,No old price,True,https://www.ikea.com/sa/en/p/havsten-4-seat-conversation-set-in-outdoor-beige-s39251988/,No,"        4-seat conversation set, in/outdoor",Marcus Arvonen/Andreas Fredriksson,,,,Balcony
1983,29267334,ÄPPLARÖ,Outdoor furniture,2384.0,No old price,True,https://www.ikea.com/sa/en/p/aepplaroe-3-seat-modular-sofa-outdoor-with-footstool-brown-stained-brown-stained-froesoen-duvholmen-beige-s29267334/,Yes,"        3-seat modular sofa, outdoor,          143/223x80x84 cm",IKEA of Sweden/Eva Lilja Löwenhielm/K Hagberg/M Hagberg,80.0,84.0,223.0,Balcony
1984,70419787,ÄPPLARÖ,Outdoor furniture,675.0,No old price,True,https://www.ikea.com/sa/en/p/aepplaroe-table-outdoor-brown-stained-70419787/,No,"        Table, outdoor,          140x140 cm",K Hagberg/M Hagberg,,72.0,140.0,Balcony
1985,50285265,TOSTERÖ,Outdoor furniture,103.0,No old price,True,https://www.ikea.com/sa/en/p/tosteroe-cover-for-furniture-set-black-50285265/,Yes,"        Cover for furniture set,          100x70 cm",IKEA of Sweden,,90.0,70.0,Balcony
1986,9048413,VÄDDÖ,Outdoor furniture,261.0,SR 435,True,https://www.ikea.com/sa/en/p/vaeddoe-table-2-chairs-outdoor-white-s09048413/,No,"        Table+2 chairs, outdoor",Henrik Preutz,,,,Balcony
1987,40208531,ÄPPLARÖ,Outdoor furniture,745.0,No old price,True,https://www.ikea.com/sa/en/p/aepplaroe-drop-leaf-table-outdoor-brown-stained-brown-40208531/,No,"        Drop-leaf table, outdoor,          140/200/260x78 cm",K Hagberg/M Hagberg,,72.0,78.0,Balcony
1988,59289424,ÄPPLARÖ,Outdoor furniture,1961.0,No old price,True,https://www.ikea.com/sa/en/p/aepplaroe-table-4-chairs-w-armrests-outdoor-brown-stained-kuddarna-grey-s59289424/,Yes,"        Table+4 chairs w armrests, outdoor",IKEA of Sweden/K Hagberg/M Hagberg,,,,Balcony
1989,70095429,TÄRNÖ,Outdoor furniture,89.0,No old price,True,https://www.ikea.com/sa/en/p/taernoe-table-outdoor-black-acacia-grey-brown-stained-steel-light-brown-stained-70095429/,No,"        Table, outdoor,          55x54 cm",IKEA of Sweden,,70.0,54.0,Balcony
1990,10337817,ASKHOLMEN,Outdoor furniture,255.0,No old price,True,https://www.ikea.com/sa/en/p/askholmen-table-outdoor-foldable-light-brown-light-brown-stained-grey-brown-stained-10337817/,No,"        Table, outdoor,          112x62 cm",IKEA of Sweden,,73.0,62.0,Balcony
1991,70234185,SKARPÖ,Outdoor furniture,179.0,No old price,True,https://www.ikea.com/sa/en/p/skarpoe-armchair-outdoor-white-70234185/,No,"        Armchair, outdoor",Magnus Elebäck,81.0,71.0,79.0,Balcony
1992,90339742,MASTHOLMEN,Outdoor furniture,255.0,No old price,True,https://www.ikea.com/sa/en/p/mastholmen-coffee-table-outdoor-90339742/,No,"        Coffee table, outdoor,          68 cm",Nike Karlsson,,45.0,,Balcony
1993,90336550,BENÖ,Outdoor furniture,9.0,No old price,True,https://www.ikea.com/sa/en/p/benoe-chair-pad-outdoor-90336550/,No,"        Chair pad, outdoor,          35 cm",Paulin Machado,,,,Balcony
1994,90095428,TÄRNÖ,Outdoor furniture,55.0,No old price,True,https://www.ikea.com/sa/en/p/taernoe-chair-outdoor-acacia-foldable-black-grey-brown-stained-steel-light-brown-stained-90095428/,No,"        Chair, outdoor",IKEA of Sweden,40.0,79.0,39.0,Balcony
1995,80373618,SOLLERÖN,Outdoor furniture,395.0,No old price,True,https://www.ikea.com/sa/en/p/solleroen-coffee-table-outdoor-anthracite-brown-80373618/,Yes,"        Coffee table, outdoor,          92x62 cm",Jonas Hultqvist,,51.0,62.0,Balcony
1996,59268775,ÄPPLARÖ,Outdoor furniture,4145.0,No old price,True,https://www.ikea.com/sa/en/p/aepplaroe-table-8-reclining-chairs-outdoor-brown-stained-froesoen-duvholmen-beige-s59268775/,Yes,"        Table+8 reclining chairs, outdoor",Eva Lilja Löwenhielm/K Hagberg/M Hagberg/IKEA of Sweden,,,,Balcony
1997,80291731,ÄPPLARÖ,Outdoor furniture,205.0,No old price,True,https://www.ikea.com/sa/en/p/aepplaroe-gateleg-table-for-wall-outdoor-brown-stained-80291731/,No,"        Gateleg table for wall, outdoor,          80x56 cm",K Hagberg/M Hagberg,,72.0,56.0,Balcony
1998,9289737,ÄPPLARÖ,Outdoor furniture,2965.0,No old price,True,https://www.ikea.com/sa/en/p/aepplaroe-table-6-reclining-chairs-outdoor-brown-stained-kuddarna-grey-s09289737/,Yes,"        Table+6 reclining chairs, outdoor",K Hagberg/M Hagberg/IKEA of Sweden,,,,Balcony
1999,89260075,ÄPPLARÖ,Outdoor furniture,2034.0,No old price,True,https://www.ikea.com/sa/en/p/aepplaroe-3-seat-modular-sofa-outdoor-brown-stained-froesoen-duvholmen-beige-s89260075/,Yes,"        3-seat modular sofa, outdoor,          223x80x84 cm",IKEA of Sweden/Eva Lilja Löwenhielm/K Hagberg/M Hagberg,80.0,84.0,223.0,Balcony
2000,19216689,MASTHOLMEN,Outdoor furniture,2115.0,No old price,True,https://www.ikea.com/sa/en/p/mastholmen-4-seat-conversation-set-outdoor-rattan-s19216689/,No,"        4-seat conversation set, outdoor",Nike Karlsson,,,,Balcony
2001,39289811,ÄPPLARÖ,Outdoor furniture,2875.0,No old price,True,https://www.ikea.com/sa/en/p/aepplaroe-table-8-reclining-chairs-outdoor-brown-stained-s39289811/,Yes,        Table+8 reclining chairs,K Hagberg/M Hagberg,,,,Balcony
2002,40411047,KUDDARNA,Outdoor furniture,45.0,No old price,True,https://www.ikea.com/sa/en/p/kuddarna-back-cushion-outdoor-beige-40411047/,No,"        Back cushion, outdoor,          62x44 cm",IKEA of Sweden,,,62.0,Balcony
2003,70267133,VÄDDÖ,Outdoor furniture,35.4,SR 59,True,https://www.ikea.com/sa/en/p/vaeddoe-stool-outdoor-white-70267133/,No,"        Stool, outdoor",Henrik Preutz,33.0,46.0,36.0,Balcony
2004,50312424,INNAMO,Outdoor furniture,107.4,SR 179,True,https://www.ikea.com/sa/en/p/innamo-chair-with-armrests-outdoor-white-50312424/,No,"        Chair with armrests, outdoor",IKEA of Sweden,68.0,93.0,54.0,Balcony
2005,60205188,ÄPPLARÖ,Outdoor furniture,309.0,No old price,True,https://www.ikea.com/sa/en/p/aepplaroe-one-seat-section-outdoor-brown-stained-brown-60205188/,No,"        One-seat section, outdoor",K Hagberg/M Hagberg,80.0,73.0,63.0,Balcony
2006,60409821,TOSTERÖ,Outdoor furniture,75.0,No old price,True,https://www.ikea.com/sa/en/p/tosteroe-storage-bag-for-cushions-black-60409821/,No,"        Storage bag for cushions,          62x62 cm",IKEA of Sweden,,25.0,62.0,Balcony
2007,9183528,ASKHOLMEN,Outdoor furniture,467.0,No old price,True,https://www.ikea.com/sa/en/p/askholmen-table-f-wall-2-fold-chairs-outdoor-grey-brown-grey-brown-stained-ytteroen-blue-s09183528/,Yes,"        Table f wall+2 fold chairs, outdoor",Jon Karlsson/IKEA of Sweden,,,,Balcony
2008,40259511,VÄDDÖ,Outdoor furniture,111.0,SR 185,True,https://www.ikea.com/sa/en/p/vaeddoe-table-outdoor-white-40259511/,No,"        Table, outdoor,          58x74 cm",Henrik Preutz,,71.0,74.0,Balcony
2009,49898435,LÄCKÖ,Outdoor furniture,493.0,No old price,True,https://www.ikea.com/sa/en/p/laeckoe-table-2-chairs-outdoor-grey-s49898435/,No,"        Table+2 chairs, outdoor",Jon Karlsson,,,,Balcony
2010,9227532,ÄPPLARÖ,Outdoor furniture,1588.0,No old price,True,https://www.ikea.com/sa/en/p/aepplaroe-2-seat-modular-sofa-outdoor-brown-stained-kungsoe-white-white-s09227532/,Yes,"        2-seat modular sofa, outdoor,          160x80x73 cm",IKEA of Sweden/K Hagberg/M Hagberg,80.0,73.0,160.0,Balcony
2011,20292328,TOSTERÖ,Outdoor furniture,103.0,No old price,True,https://www.ikea.com/sa/en/p/tosteroe-storage-bag-for-cushions-black-20292328/,No,"        Storage bag for cushions,          116x49 cm",IKEA of Sweden,,35.0,49.0,Balcony
2012,10411143,KUDDARNA,Outdoor furniture,95.0,No old price,True,https://www.ikea.com/sa/en/p/kuddarna-seat-back-cushion-outdoor-grey-10411143/,Yes,"        Seat/back cushion, outdoor,          116x45 cm",IKEA of Sweden,,,45.0,Balcony
2013,59292643,SJÄLLAND,Outdoor furniture,974.0,"SR 1,193",True,https://www.ikea.com/sa/en/p/sjaelland-table-2-chairs-w-armrests-outdoor-dark-grey-halloe-black-s59292643/,Yes,"        Table+2 chairs w armrests, outdoor,          71x71x73 cm",David Wahl/IKEA of Sweden,,73.0,71.0,Balcony
2014,50312909,BUSSAN,Outdoor furniture,525.0,No old price,True,https://www.ikea.com/sa/en/p/bussan-beanbag-in-outdoor-grey-50312909/,No,"        Beanbag, in/outdoor",Anna Efverlund,,,67.0,Balcony
2015,9290104,ÄPPLARÖ,Outdoor furniture,745.0,No old price,True,https://www.ikea.com/sa/en/p/aepplaroe-table-2-folding-chairs-outdoor-brown-stained-s09290104/,Yes,"        Table+2 folding chairs, outdoor",K Hagberg/M Hagberg,,,,Balcony
2016,80251513,GÅRÖ,Outdoor furniture,339.0,No old price,True,https://www.ikea.com/sa/en/p/garoe-hammock-stand-outdoor-grey-80251513/,No,"        Hammock stand, outdoor",IKEA of Sweden,,129.0,119.0,Balcony
2017,49251983,HAVSTEN,Outdoor furniture,2975.0,No old price,True,https://www.ikea.com/sa/en/p/havsten-3-seat-sofa-in-outdoor-with-open-end-without-armrests-beige-s49251983/,No,"        3-seat sofa, in/outdoor,          245x94x90 cm",Andreas Fredriksson,94.0,90.0,245.0,Balcony
2018,79258271,KUNGSHOLMEN,Outdoor furniture,2792.8,"SR 3,208",True,https://www.ikea.com/sa/en/p/kungsholmen-modular-corner-sofa-3-seat-outdoor-black-brown-froesoen-duvholmen-beige-s79258271/,Yes,"        Modular corner sofa 3-seat, outdoor",Eva Lilja Löwenhielm/IKEA of Sweden/Nike Karlsson,80.0,90.0,222.0,Balcony
2019,60240035,ASKHOLMEN,Outdoor furniture,149.0,No old price,True,https://www.ikea.com/sa/en/p/askholmen-table-outdoor-foldable-grey-brown-grey-brown-stained-light-brown-light-brown-stained-60240035/,No,"        Table, outdoor,          60x62 cm",IKEA of Sweden,,73.0,60.0,Balcony
2020,10255307,FEJAN,Outdoor furniture,59.0,No old price,True,https://www.ikea.com/sa/en/p/fejan-chair-outdoor-foldable-white-10255307/,No,"        Chair, outdoor",K Hagberg/M Hagberg,42.0,89.0,44.0,Balcony
2021,89259963,ÄPPLARÖ,Outdoor furniture,542.0,No old price,True,https://www.ikea.com/sa/en/p/aepplaroe-easy-chair-outdoor-brown-stained-froesoen-duvholmen-dark-grey-s89259963/,Yes,"        Easy chair, outdoor,          63x80x84 cm",IKEA of Sweden/Eva Lilja Löwenhielm/K Hagberg/M Hagberg,80.0,84.0,63.0,Balcony
2022,70391712,FRÖSÖN,Outdoor furniture,39.0,No old price,True,https://www.ikea.com/sa/en/p/froesoen-cover-for-back-cushion-outdoor-beige-70391712/,Yes,"        Cover for back cushion,          62x44 cm",Eva Lilja Löwenhielm,,,62.0,Balcony
2023,40373615,SOLLERÖN,Outdoor furniture,345.0,No old price,True,https://www.ikea.com/sa/en/p/solleroen-stool-outdoor-brown-40373615/,Yes,"        Stool, outdoor,          62x62 cm",Jonas Hultqvist,,32.0,62.0,Balcony
2024,9221016,FANBYN,Outdoor furniture,295.0,No old price,True,https://www.ikea.com/sa/en/p/fanbyn-chair-with-armrests-s09221016/,No,        Chair with armrests,092.210.16 You sit comfortably thanks to the shaped back and armrests.Suitable for both indoor and outdoor use.,,,,Balcony
2025,60357737,UTTER,Outdoor furniture,45.0,No old price,True,https://www.ikea.com/sa/en/p/utter-childrens-table-in-outdoor-white-60357737/,No,        Children's table,K Hagberg/M Hagberg,,43.0,42.0,Balcony
2026,40413131,ÄPPLARÖ,Outdoor furniture,175.0,No old price,True,https://www.ikea.com/sa/en/p/aepplaroe-chair-outdoor-foldable-brown-stained-40413131/,No,"        Chair, outdoor",K Hagberg/M Hagberg,56.0,86.0,42.0,Balcony
2027,10174641,IKEA PS VÅGÖ,Outdoor furniture,139.0,No old price,True,https://www.ikea.com/sa/en/p/ikea-ps-vagoe-easy-chair-outdoor-white-10174641/,No,"        Easy chair, outdoor",Thomas Sandell,92.0,71.0,74.0,Balcony
2028,80321021,ASKHOLMEN,Outdoor furniture,155.0,No old price,True,https://www.ikea.com/sa/en/p/askholmen-table-for-wall-outdoor-folding-grey-brown-stained-light-brown-stained-light-brown-80321021/,No,"        Table for wall, outdoor,          70x44 cm",Jon Karlsson,,71.0,44.0,Balcony
2029,70418170,PRÄSTHOLM,Outdoor furniture,695.0,No old price,True,https://www.ikea.com/sa/en/p/praestholm-bench-with-backrest-outdoor-grey-70418170/,No,"        Bench with backrest, outdoor",Ola Wihlborg,52.0,79.0,113.0,Balcony
2030,49252609,SOLLERÖN,Outdoor furniture,3746.0,No old price,True,https://www.ikea.com/sa/en/p/solleroen-modular-corner-sofa-3-seat-outdoor-brown-froesoen-duvholmen-beige-s49252609/,Yes,"        Modular corner sofa 3-seat, outdoor",Jonas Hultqvist/IKEA of Sweden/Eva Lilja Löwenhielm,82.0,88.0,225.0,Balcony
2031,40411108,KUDDARNA,Outdoor furniture,75.0,No old price,True,https://www.ikea.com/sa/en/p/kuddarna-seat-cushion-outdoor-beige-40411108/,No,"        Seat cushion, outdoor,          62x62 cm",IKEA of Sweden,62.0,,62.0,Balcony
2032,20314698,YTTERÖN,Outdoor furniture,39.0,No old price,True,https://www.ikea.com/sa/en/p/ytteroen-chair-cushion-outdoor-blue-20314698/,No,"        Chair cushion, outdoor,          40x40 cm",IKEA of Sweden,40.0,,40.0,Balcony
2033,90313092,FALHOLMEN,Outdoor furniture,415.0,No old price,True,https://www.ikea.com/sa/en/p/falholmen-table-outdoor-grey-brown-stained-light-brown-stained-90313092/,No,"        Table, outdoor,          153x73 cm",Andreas Fredriksson,,72.0,73.0,Balcony
2034,40160478,LÄCKÖ,Outdoor furniture,149.0,No old price,True,https://www.ikea.com/sa/en/p/laeckoe-chair-with-armrests-outdoor-grey-40160478/,No,"        Chair with armrests, outdoor",IKEA of Sweden,60.0,82.0,56.0,Balcony
2035,50267049,KUNGSHOLMEN,Outdoor furniture,311.4,SR 519,True,https://www.ikea.com/sa/en/p/kungsholmen-one-seat-section-outdoor-black-brown-50267049/,No,"        One-seat section, outdoor",Nike Karlsson,80.0,73.0,62.0,Balcony
2036,69291902,SJÄLLAND,Outdoor furniture,3286.0,"SR 3,965",True,https://www.ikea.com/sa/en/p/sjaelland-table-6-reclining-chairs-outdoor-light-brown-kuddarna-light-blue-s69291902/,Yes,"        Table+6 reclining chairs, outdoor,          156x90 cm",IKEA of Sweden/David Wahl,,73.0,90.0,Balcony
2037,40365371,MAMMUT,Outdoor furniture,59.0,No old price,True,https://www.ikea.com/sa/en/p/mammut-childrens-chair-in-outdoor-white-40365371/,No,        Children's chair,M Kjelstrup/A Östgaard,36.0,67.0,39.0,Balcony
2038,49228474,FANBYN,Outdoor furniture,275.0,No old price,True,https://www.ikea.com/sa/en/p/fanbyn-chair-s49228474/,No,        Chair,492.284.74 Suitable for both indoor and outdoor use.You sit comfortably thanks to the chair's shaped back and seat.,,,,Balcony
2039,20411133,KUDDARNA,Outdoor furniture,95.0,No old price,True,https://www.ikea.com/sa/en/p/kuddarna-seat-back-cushion-outdoor-light-blue-20411133/,No,"        Seat/back cushion, outdoor,          116x45 cm",IKEA of Sweden,,,45.0,Balcony
2040,70292321,TOSTERÖ,Outdoor furniture,103.0,No old price,True,https://www.ikea.com/sa/en/p/tosteroe-cover-for-sun-lounger-black-70292321/,No,"        Cover for sun lounger,          200x60 cm",IKEA of Sweden,,40.0,60.0,Balcony
2041,50401986,SJÄLLAND,Outdoor furniture,316.0,SR 395,True,https://www.ikea.com/sa/en/p/sjaelland-bench-outdoor-light-grey-light-brown-50401986/,No,"        Bench, outdoor,          136 cm",David Wahl,42.0,52.0,136.0,Balcony
2042,70410744,HUSARÖ,Outdoor furniture,245.0,No old price,True,https://www.ikea.com/sa/en/p/husaroe-side-table-outdoor-dark-grey-70410744/,No,"        Side table, outdoor,          49x49 cm",Ola Wihlborg,,73.0,49.0,Balcony
2043,40151841,LÄCKÖ,Outdoor furniture,195.0,No old price,True,https://www.ikea.com/sa/en/p/laeckoe-table-outdoor-grey-40151841/,No,"        Table, outdoor,          70 cm",Jon Karlsson,,71.0,,Balcony
2044,19241472,SOLLERÖN,Outdoor furniture,5144.0,No old price,True,https://www.ikea.com/sa/en/p/solleroen-modular-corner-sofa-4-seat-outdoor-with-footstool-brown-brown-kungsoe-white-s19241472/,Yes,"        Modular corner sofa 4-seat, outdoor",IKEA of Sweden/Jonas Hultqvist,144.0,87.0,287.0,Balcony
2045,39252704,SOLLERÖN,Outdoor furniture,3206.0,No old price,True,https://www.ikea.com/sa/en/p/solleroen-3-seat-modular-sofa-outdoor-with-footstool-brown-brown-froesoen-duvholmen-dark-grey-s39252704/,Yes,"        3-seat modular sofa, outdoor,          223x144x88 cm",Eva Lilja Löwenhielm/Jonas Hultqvist/IKEA of Sweden,144.0,88.0,223.0,Balcony
2046,20382324,MAMMUT,Outdoor furniture,29.0,No old price,True,https://www.ikea.com/sa/en/p/mammut-childrens-stool-in-outdoor-yellow-20382324/,No,        Children's stool,M Kjelstrup/A Östgaard,,,35.0,Balcony
2047,80259514,VÄDDÖ,Outdoor furniture,177.0,SR 295,True,https://www.ikea.com/sa/en/p/vaeddoe-table-outdoor-white-80259514/,No,"        Table, outdoor,          116x74 cm",Henrik Preutz,,71.0,74.0,Balcony
2048,60391717,FRÖSÖN,Outdoor furniture,17.4,SR 29,True,https://www.ikea.com/sa/en/p/froesoen-cover-for-chair-cushion-outdoor-dark-grey-60391717/,Yes,"        Cover for chair cushion,          44x44 cm",Eva Lilja Löwenhielm,44.0,,44.0,Balcony
2049,19265203,SJÄLLAND,Outdoor furniture,2196.0,"SR 2,745",True,https://www.ikea.com/sa/en/p/sjaelland-table-6-chairs-w-armrests-outdoor-dark-grey-light-grey-s19265203/,Yes,"        Table+6 chairs w armrests, outdoor,          156x90 cm",David Wahl,,73.0,90.0,Balcony
2050,30411415,SVANÖ,Outdoor furniture,495.0,No old price,True,https://www.ikea.com/sa/en/p/svanoe-arbor-bench-grey-30411415/,No,"        Arbor bench,          119x48 cm",Mikael Axelsson,48.0,179.0,119.0,Balcony
2051,39053931,ÄPPLARÖ,Outdoor furniture,1445.0,No old price,True,https://www.ikea.com/sa/en/p/aepplaroe-table-2-benches-outdoor-brown-stained-s39053931/,No,"        Table+2 benches, outdoor",K Hagberg/M Hagberg,,,,Balcony
2052,20312326,TORHOLMEN,Outdoor furniture,785.0,No old price,True,https://www.ikea.com/sa/en/p/torholmen-sun-lounger-grey-20312326/,No,        Sun lounger,Andreas Fredriksson,,47.0,70.0,Balcony
2053,50205179,ÄPPLARÖ,Outdoor furniture,425.0,No old price,True,https://www.ikea.com/sa/en/p/aepplaroe-corner-section-outdoor-brown-stained-brown-50205179/,No,"        Corner section, outdoor",K Hagberg/M Hagberg,80.0,73.0,80.0,Balcony
2054,60406808,KROKHOLMEN,Outdoor furniture,175.0,No old price,True,https://www.ikea.com/sa/en/p/krokholmen-coffee-table-outdoor-orange-60406808/,No,"        Coffee table, outdoor",Marcus Arvonen,,44.0,,Balcony
2055,60373624,SOLLERÖN,Outdoor furniture,519.0,No old price,True,https://www.ikea.com/sa/en/p/solleroen-one-seat-section-outdoor-brown-60373624/,Yes,"        One-seat section, outdoor",Jonas Hultqvist,82.0,74.0,62.0,Balcony
2056,39287789,SOLLERÖN,Outdoor furniture,3781.0,No old price,True,https://www.ikea.com/sa/en/p/solleroen-modular-corner-sofa-3-seat-outdoor-dark-grey-froesoen-duvholmen-beige-s39287789/,Yes,"        Modular corner sofa 3-seat, outdoor",Eva Lilja Löwenhielm/IKEA of Sweden/Jonas Hultqvist,82.0,88.0,225.0,Balcony
2057,80267137,VÄDDÖ,Outdoor furniture,75.0,SR 125,True,https://www.ikea.com/sa/en/p/vaeddoe-chair-outdoor-white-80267137/,No,"        Chair, outdoor",Henrik Preutz,46.0,79.0,40.0,Balcony
2058,50422210,HÅLLÖ,Outdoor furniture,49.0,No old price,True,https://www.ikea.com/sa/en/p/halloe-chair-cushion-outdoor-black-50422210/,No,"        Chair cushion, outdoor,          44x44 cm",IKEA of Sweden,44.0,,44.0,Balcony
2059,40391718,FRÖSÖN,Outdoor furniture,65.0,No old price,True,https://www.ikea.com/sa/en/p/froesoen-cover-for-seat-cushion-outdoor-dark-grey-40391718/,Yes,"        Cover for seat cushion,          62x62 cm",Eva Lilja Löwenhielm,62.0,,62.0,Balcony
2060,59267653,SJÄLLAND,Outdoor furniture,1727.0,"SR 2,165",True,https://www.ikea.com/sa/en/p/sjaelland-table-2-chairs-bench-outdoor-light-brown-froesoen-duvholmen-dark-grey-s59267653/,Yes,"        Table+2 chairs+ bench, outdoor,          156x90 cm",Eva Lilja Löwenhielm/IKEA of Sweden/David Wahl,,73.0,90.0,Balcony
2061,80382321,MAMMUT,Outdoor furniture,59.0,No old price,True,https://www.ikea.com/sa/en/p/mammut-childrens-chair-in-outdoor-pink-80382321/,No,        Children's chair,M Kjelstrup/A Östgaard,36.0,67.0,39.0,Balcony
2062,9251956,HAVSTEN,Outdoor furniture,2170.0,No old price,True,https://www.ikea.com/sa/en/p/havsten-2-seat-sofa-in-outdoor-beige-s09251956/,No,"        2-seat sofa, in/outdoor,          179x94x90 cm",Andreas Fredriksson,94.0,90.0,179.0,Balcony
2063,70424147,BRUSEN,Outdoor furniture,1036.0,"SR 1,295",True,https://www.ikea.com/sa/en/p/brusen-3-seat-sofa-outdoor-red-70424147/,No,"        3-seat sofa, outdoor",Ola Wihlborg,64.0,75.0,146.0,Balcony
2064,59253123,FRÖSÖN/DUVHOLMEN,Outdoor furniture,150.0,No old price,True,https://www.ikea.com/sa/en/p/froesoen-duvholmen-seat-back-cushion-outdoor-beige-s59253123/,No,"        Seat/back cushion, outdoor,          116x45 cm",IKEA of Sweden/Eva Lilja Löwenhielm,,,45.0,Balcony
2065,39898474,ÄPPLARÖ,Outdoor furniture,2275.0,No old price,True,https://www.ikea.com/sa/en/p/aepplaroe-table-6-chairs-w-armrests-outdoor-brown-stained-brown-s39898474/,Yes,"        Table+6 chairs w armrests, outdoor",K Hagberg/M Hagberg,,,,Balcony
2066,50240031,ASKHOLMEN,Outdoor furniture,129.0,No old price,True,https://www.ikea.com/sa/en/p/askholmen-chair-outdoor-grey-brown-foldable-grey-brown-stained-light-brown-stained-light-brown-50240031/,No,"        Chair, outdoor",IKEA of Sweden,49.0,87.0,36.0,Balcony
2067,70319288,YTTERÖN,Outdoor furniture,27.0,No old price,True,https://www.ikea.com/sa/en/p/ytteroen-chair-cushion-outdoor-blue-70319288/,No,"        Chair cushion, outdoor,          35 cm",IKEA of Sweden,,,,Balcony
2068,411087,KUDDARNA,Outdoor furniture,39.0,No old price,True,https://www.ikea.com/sa/en/p/kuddarna-chair-cushion-outdoor-beige-00411087/,Yes,"        Chair cushion, outdoor,          44x44 cm",IKEA of Sweden,44.0,,44.0,Balcony
2069,80314704,YTTERÖN,Outdoor furniture,99.0,No old price,True,https://www.ikea.com/sa/en/p/ytteroen-seat-back-cushion-outdoor-blue-80314704/,No,"        Seat/back cushion, outdoor,          92x50 cm",IKEA of Sweden,,,50.0,Balcony
2070,20312604,STEGÖN,Outdoor furniture,16.2,SR 27,True,https://www.ikea.com/sa/en/p/stegoen-chair-cushion-outdoor-beige-20312604/,No,"        Chair cushion, outdoor,          35 cm",Lisel Garsveden,,,,Balcony
2071,39265481,SJÄLLAND,Outdoor furniture,1900.0,"SR 2,375",True,https://www.ikea.com/sa/en/p/sjaelland-table-4-reclining-chairs-outdoor-dark-grey-light-grey-s39265481/,Yes,"        Table+4 reclining chairs, outdoor,          156x90 cm",David Wahl,,73.0,90.0,Balcony
2072,49264872,SJÄLLAND,Outdoor furniture,636.0,SR 795,True,https://www.ikea.com/sa/en/p/sjaelland-table-outdoor-dark-grey-light-grey-s49264872/,No,"        Table, outdoor,          156x90 cm",David Wahl,,73.0,90.0,Balcony
2073,59289990,ÄPPLARÖ,Outdoor furniture,1095.0,No old price,True,https://www.ikea.com/sa/en/p/aepplaroe-table-4-folding-chairs-outdoor-brown-stained-s59289990/,Yes,"        Table+4 folding chairs, outdoor",K Hagberg/M Hagberg,,,,Balcony
2074,19241491,SOLLERÖN,Outdoor furniture,2016.0,No old price,True,https://www.ikea.com/sa/en/p/solleroen-2-seat-modular-sofa-outdoor-brown-kungsoe-white-s19241491/,Yes,"        2-seat modular sofa, outdoor,          161x82x87 cm",IKEA of Sweden/Jonas Hultqvist,82.0,87.0,161.0,Balcony
2075,19267099,SJÄLLAND,Outdoor furniture,2636.0,"SR 3,145",True,https://www.ikea.com/sa/en/p/sjaelland-table-4-reclining-chairs-outdoor-light-brown-froesoen-duvholmen-beige-s19267099/,Yes,"        Table+4 reclining chairs, outdoor,          156x90 cm",Eva Lilja Löwenhielm/IKEA of Sweden/David Wahl,,73.0,90.0,Balcony
2076,29268946,ASKHOLMEN,Outdoor furniture,323.0,No old price,True,https://www.ikea.com/sa/en/p/askholmen-table-for-wall-1-fold-chr-outdoor-grey-brown-stained-froesoen-duvholmen-beige-s29268946/,Yes,"        Table for wall+1 fold chr, outdoor",Jon Karlsson/IKEA of Sweden/Eva Lilja Löwenhielm,,,,Balcony
2077,10411421,TRANARÖ,Outdoor furniture,95.0,No old price,True,https://www.ikea.com/sa/en/p/tranaroe-stool-side-table-in-outdoor-red-10411421/,No,"        Stool/side table, in/outdoor,          56x41x43 cm",Ola Wihlborg,41.0,43.0,56.0,Balcony
2078,30405339,SJÄLLAND,Outdoor furniture,340.0,SR 425,True,https://www.ikea.com/sa/en/p/sjaelland-reclining-chair-outdoor-light-grey-foldable-light-brown-30405339/,No,"        Reclining chair, outdoor",David Wahl,75.0,110.0,58.0,Balcony
2079,19183815,SALTHOLMEN,Outdoor furniture,445.0,No old price,True,https://www.ikea.com/sa/en/p/saltholmen-table-2-folding-chairs-outdoor-beige-s19183815/,Yes,"        Table+2 folding chairs, outdoor",Jon Karlsson,,,,Balcony
2080,80311833,SALTHOLMEN,Outdoor furniture,195.0,No old price,True,https://www.ikea.com/sa/en/p/saltholmen-table-outdoor-foldable-beige-80311833/,No,"        Table, outdoor,          65 cm",Jon Karlsson,,71.0,,Balcony
2081,9241509,SOLLERÖN,Outdoor furniture,1238.0,No old price,True,https://www.ikea.com/sa/en/p/solleroen-armchair-outdoor-brown-kungsoe-white-s09241509/,Yes,"        Armchair, outdoor",IKEA of Sweden/Jonas Hultqvist,82.0,87.0,98.0,Balcony
2082,29252078,HAVSTEN,Outdoor furniture,4070.0,No old price,True,https://www.ikea.com/sa/en/p/havsten-4-seat-sofa-in-outdoor-beige-s29252078/,No,"        4-seat sofa, in/outdoor,          341x94x90 cm",Andreas Fredriksson,94.0,90.0,341.0,Balcony
2083,49287920,SOLLERÖN,Outdoor furniture,4888.0,No old price,True,https://www.ikea.com/sa/en/p/solleroen-4-seat-conversation-set-outdoor-dark-grey-froesoen-duvholmen-beige-s49287920/,Yes,"        4-seat conversation set, outdoor",Jonas Hultqvist/IKEA of Sweden/Eva Lilja Löwenhielm,,,,Balcony
2084,99262432,SJÄLLAND,Outdoor furniture,380.0,SR 475,True,https://www.ikea.com/sa/en/p/sjaelland-table-outdoor-light-brown-light-grey-s99262432/,No,"        Table, outdoor,          71x71x73 cm",David Wahl,,73.0,71.0,Balcony
2085,69253033,FRÖSÖN/DUVHOLMEN,Outdoor furniture,29.4,SR 39,True,https://www.ikea.com/sa/en/p/froesoen-duvholmen-chair-cushion-outdoor-dark-grey-s69253033/,Yes,"        Chair cushion, outdoor,          35 cm",IKEA of Sweden/Eva Lilja Löwenhielm,,,,Balcony
2086,29267659,SJÄLLAND,Outdoor furniture,1679.0,"SR 2,105",True,https://www.ikea.com/sa/en/p/sjaelland-table-2-chairs-bench-outdoor-dark-grey-froesoen-duvholmen-dark-grey-s29267659/,Yes,"        Table+2 chairs+ bench, outdoor,          156x90 cm",IKEA of Sweden/David Wahl/Eva Lilja Löwenhielm,,73.0,90.0,Balcony
2087,9219278,KUNGSHOLMEN,Outdoor furniture,1668.0,No old price,True,https://www.ikea.com/sa/en/p/kungsholmen-2-seat-modular-sofa-outdoor-black-brown-kungsoe-white-s09219278/,Yes,"        2-seat modular sofa, outdoor,          160x80x89 cm",Nike Karlsson/IKEA of Sweden,80.0,89.0,160.0,Balcony
2088,39156401,ÄPPLARÖ,Outdoor furniture,2000.0,No old price,True,https://www.ikea.com/sa/en/p/aepplaroe-table-2-chrsw-armr-bench-outdoor-brown-stained-halloe-black-s39156401/,Yes,"        Table+2 chrsw armr+ bench, outdoor",K Hagberg/M Hagberg/IKEA of Sweden,,,,Balcony
2089,49257386,KUNGSHOLMEN,Outdoor furniture,544.4,SR 752,True,https://www.ikea.com/sa/en/p/kungsholmen-easy-chair-outdoor-black-brown-froesoen-duvholmen-dark-grey-s49257386/,Yes,"        Easy chair, outdoor,          62x80x90 cm",Nike Karlsson/IKEA of Sweden/Eva Lilja Löwenhielm,80.0,90.0,62.0,Balcony
2090,99258005,KUNGSHOLMEN,Outdoor furniture,2160.4,"SR 2,368",True,https://www.ikea.com/sa/en/p/kungsholmen-3-seat-modular-sofa-outdoor-black-brown-froesoen-duvholmen-dark-grey-s99258005/,Yes,"        3-seat modular sofa, outdoor,          222x80x90 cm",IKEA of Sweden/Nike Karlsson/Eva Lilja Löwenhielm,80.0,90.0,222.0,Balcony
2091,50357785,UTTER,Outdoor furniture,25.0,No old price,True,https://www.ikea.com/sa/en/p/utter-childrens-stool-in-outdoor-white-50357785/,No,        Children's stool,K Hagberg/M Hagberg,,,,Balcony
2092,410747,HUSARÖ,Outdoor furniture,495.0,No old price,True,https://www.ikea.com/sa/en/p/husaroe-armchair-outdoor-dark-grey-00410747/,No,"        Armchair, outdoor",Ola Wihlborg,80.0,102.0,64.0,Balcony
2093,50405338,SJÄLLAND,Outdoor furniture,316.0,SR 395,True,https://www.ikea.com/sa/en/p/sjaelland-reclining-chair-outdoor-light-grey-foldable-dark-grey-50405338/,No,"        Reclining chair, outdoor",David Wahl,75.0,110.0,58.0,Balcony
2094,90287413,BUNSÖ,Outdoor furniture,69.0,No old price,True,https://www.ikea.com/sa/en/p/bunsoe-childrens-easy-chair-outdoor-white-90287413/,No,"        Children's easy chair, outdoor",Thomas Sandell,63.0,49.0,51.0,Balcony
2095,70386503,SJÄLLAND,Outdoor furniture,276.0,SR 345,True,https://www.ikea.com/sa/en/p/sjaelland-chair-with-armrests-outdoor-light-grey-light-brown-70386503/,No,"        Chair with armrests, outdoor",David Wahl,60.0,86.0,60.0,Balcony
2096,59048397,ÄPPLARÖ,Outdoor furniture,1845.0,No old price,True,https://www.ikea.com/sa/en/p/aepplaroe-table-4-reclining-chairs-outdoor-brown-stained-s59048397/,Yes,"        Table+4 reclining chairs, outdoor",K Hagberg/M Hagberg,,,,Balcony
2097,80391839,DUVHOLMEN,Outdoor furniture,15.0,No old price,True,https://www.ikea.com/sa/en/p/duvholmen-inner-cushion-for-chair-cushion-outdoor-grey-80391839/,No,"        Inner cushion for chair cushion,          35 cm",IKEA of Sweden,,,,Balcony
2098,10386450,SOLLERÖN,Outdoor furniture,460.0,No old price,True,https://www.ikea.com/sa/en/p/solleroen-armrest-section-outdoor-brown-10386450/,No,"        Armrest section, outdoor",Jonas Hultqvist,82.0,53.0,18.0,Balcony
2099,29262435,SJÄLLAND,Outdoor furniture,356.0,SR 445,True,https://www.ikea.com/sa/en/p/sjaelland-table-outdoor-dark-grey-light-grey-s29262435/,No,"        Table, outdoor,          71x71x73 cm",David Wahl,,73.0,71.0,Balcony
2100,49267286,HAVSTEN,Outdoor furniture,3925.0,No old price,True,https://www.ikea.com/sa/en/p/havsten-4-seat-sofa-in-outdoor-with-open-end-without-armrests-beige-s49267286/,No,"        4-seat sofa, in/outdoor,          326x94x90 cm",Andreas Fredriksson,94.0,90.0,326.0,Balcony
2101,59303665,SOLLERÖN,Outdoor furniture,1773.0,No old price,True,https://www.ikea.com/sa/en/p/solleroen-2-seat-modular-sofa-outdoor-dark-grey-kuddarna-beige-s59303665/,Yes,"        2-seat modular sofa, outdoor,          161x82x84 cm",Jonas Hultqvist/IKEA of Sweden,82.0,84.0,161.0,Balcony
2102,79303645,SOLLERÖN,Outdoor furniture,2412.0,No old price,True,https://www.ikea.com/sa/en/p/solleroen-3-seat-modular-sofa-outdoor-dark-grey-kuddarna-beige-s79303645/,Yes,"        3-seat modular sofa, outdoor,          223x82x84 cm",Jonas Hultqvist/IKEA of Sweden,82.0,84.0,223.0,Balcony
2103,80391716,FRÖSÖN,Outdoor furniture,14.4,SR 24,True,https://www.ikea.com/sa/en/p/froesoen-cover-for-chair-cushion-outdoor-dark-grey-80391716/,Yes,"        Cover for chair cushion,          35 cm",Eva Lilja Löwenhielm,,,,Balcony
2104,20411067,KUDDARNA,Outdoor furniture,29.0,No old price,True,https://www.ikea.com/sa/en/p/kuddarna-chair-cushion-outdoor-beige-20411067/,Yes,"        Chair cushion, outdoor,          36x32 cm",IKEA of Sweden,32.0,,36.0,Balcony
2105,10391833,DUVHOLMEN,Outdoor furniture,49.0,No old price,True,https://www.ikea.com/sa/en/p/duvholmen-inner-cushion-for-back-cushion-outdoor-grey-10391833/,No,"        Inner cushion for back cushion,          62x44 cm",IKEA of Sweden,,,62.0,Balcony
2106,10386501,SJÄLLAND,Outdoor furniture,260.0,SR 325,True,https://www.ikea.com/sa/en/p/sjaelland-chair-with-armrests-outdoor-light-grey-dark-grey-10386501/,No,"        Chair with armrests, outdoor",David Wahl,60.0,86.0,60.0,Balcony
2107,69253108,FRÖSÖN/DUVHOLMEN,Outdoor furniture,88.0,No old price,True,https://www.ikea.com/sa/en/p/froesoen-duvholmen-back-cushion-outdoor-dark-grey-s69253108/,Yes,"        Back cushion, outdoor,          62x44 cm",Eva Lilja Löwenhielm/IKEA of Sweden,,,62.0,Balcony
2108,70401706,SJÄLLAND,Outdoor furniture,340.0,SR 425,True,https://www.ikea.com/sa/en/p/sjaelland-bench-outdoor-light-grey-dark-grey-70401706/,No,"        Bench, outdoor,          136 cm",David Wahl,42.0,52.0,136.0,Balcony
2109,19252371,SJÄLLAND,Outdoor furniture,1780.0,"SR 2,225",True,https://www.ikea.com/sa/en/p/sjaelland-table-4-chairs-outdoor-light-brown-light-grey-s19252371/,Yes,"        Table+4 chairs, outdoor",David Wahl,,,,Balcony
2110,99335985,FREKVENS,Outdoor furniture,619.0,SR 855,True,https://www.ikea.com/sa/en/p/frekvens-bar-table-and-2-bar-stools-s99335985/,No,        Bar table and 2 bar stools,Nicholai Wiig Hansen,,,,Balcony
2111,29287676,SJÄLLAND,Outdoor furniture,1010.0,"SR 1,243",True,https://www.ikea.com/sa/en/p/sjaelland-table-2-chairs-w-armrests-outdoor-light-brown-kuddarna-light-blue-blue-s29287676/,Yes,"        Table+2 chairs w armrests, outdoor,          71x71x73 cm",David Wahl/IKEA of Sweden,,73.0,71.0,Balcony
2112,50412942,FRÖSÖN,Outdoor furniture,35.0,No old price,True,https://www.ikea.com/sa/en/p/froesoen-cover-for-chair-cushion-outdoor-dark-grey-50412942/,Yes,"        Cover for chair cushion,          50x50 cm",Eva Lilja Löwenhielm,,,50.0,Balcony
2113,60365346,MAMMUT,Outdoor furniture,59.0,No old price,True,https://www.ikea.com/sa/en/p/mammut-childrens-chair-in-outdoor-blue-60365346/,No,        Children's chair,M Kjelstrup/A Östgaard,36.0,67.0,39.0,Balcony
2114,50365361,MAMMUT,Outdoor furniture,29.0,No old price,True,https://www.ikea.com/sa/en/p/mammut-childrens-stool-in-outdoor-orange-50365361/,No,        Children's stool,M Kjelstrup/A Östgaard,,,35.0,Balcony
2115,39251931,HAVSTEN,Outdoor furniture,1075.0,No old price,True,https://www.ikea.com/sa/en/p/havsten-easy-chair-in-outdoor-beige-s39251931/,No,"        Easy chair, in/outdoor,          83x94x90 cm",Andreas Fredriksson,94.0,90.0,83.0,Balcony
2116,99251966,HAVSTEN,Outdoor furniture,3120.0,No old price,True,https://www.ikea.com/sa/en/p/havsten-3-seat-sofa-in-outdoor-beige-s99251966/,No,"        3-seat sofa, in/outdoor,          260x94x90 cm",Andreas Fredriksson,94.0,90.0,260.0,Balcony
2117,404534,HAVSTEN,Outdoor furniture,225.0,No old price,True,https://www.ikea.com/sa/en/p/havsten-back-cushion-outdoor-beige-00404534/,No,"        Back cushion, outdoor,          72x98 cm",Andreas Fredriksson,,,98.0,Balcony
2118,29265014,SJÄLLAND,Outdoor furniture,1676.0,"SR 2,095",True,https://www.ikea.com/sa/en/p/sjaelland-table-4-chairs-w-armrests-outdoor-dark-grey-light-grey-s29265014/,Yes,"        Table+4 chairs w armrests, outdoor,          156x90 cm",David Wahl,,73.0,90.0,Balcony
2119,90417909,KUDDARNA,Outdoor furniture,49.0,No old price,True,https://www.ikea.com/sa/en/p/kuddarna-chair-cushion-outdoor-beige-90417909/,Yes,"        Chair cushion, outdoor,          50x50 cm",IKEA of Sweden,50.0,,50.0,Balcony
2120,29303624,SOLLERÖN,Outdoor furniture,2832.0,No old price,True,https://www.ikea.com/sa/en/p/solleroen-3-seat-modular-sofa-outdoor-with-footstool-dark-grey-kuddarna-beige-s29303624/,Yes,"        3-seat modular sofa, outdoor",Jonas Hultqvist/IKEA of Sweden,144.0,84.0,223.0,Balcony
2121,80391844,DUVHOLMEN,Outdoor furniture,30.0,No old price,True,https://www.ikea.com/sa/en/p/duvholmen-inner-cushion-for-chair-cushion-outdoor-grey-80391844/,No,"        Inner cushion for chair cushion,          44x44 cm",IKEA of Sweden,44.0,,44.0,Balcony
2122,9251961,HAVSTEN,Outdoor furniture,2025.0,No old price,True,https://www.ikea.com/sa/en/p/havsten-2-seat-sofa-in-outdoor-with-open-end-without-armrests-beige-s09251961/,No,"        2-seat sofa, in/outdoor,          164x94x90 cm",Andreas Fredriksson,94.0,90.0,164.0,Balcony
2123,9266477,SJÄLLAND,Outdoor furniture,2616.4,"SR 3,269",True,https://www.ikea.com/sa/en/p/sjaelland-table-6-chairs-w-armrests-outdoor-light-brown-froesoen-duvholmen-dark-grey-s09266477/,Yes,"        Table+6 chairs w armrests, outdoor,          156x90 cm",Eva Lilja Löwenhielm/IKEA of Sweden/David Wahl,,73.0,90.0,Balcony
2124,10267046,KUNGSHOLMEN,Outdoor furniture,575.0,No old price,True,https://www.ikea.com/sa/en/p/kungsholmen-corner-section-outdoor-black-brown-10267046/,No,"        Corner section, outdoor",Nike Karlsson,80.0,73.0,80.0,Balcony
2125,19287714,SOLLERÖN,Outdoor furniture,1247.0,No old price,True,https://www.ikea.com/sa/en/p/solleroen-armchair-outdoor-dark-grey-froesoen-duvholmen-beige-s19287714/,Yes,"        Armchair, outdoor",Jonas Hultqvist/IKEA of Sweden/Eva Lilja Löwenhielm,82.0,88.0,98.0,Balcony
2126,70264460,HÅLLÖ,Outdoor furniture,149.0,No old price,True,https://www.ikea.com/sa/en/p/halloe-seat-back-cushion-outdoor-black-70264460/,No,"        Seat/back cushion, outdoor,          116x47 cm",IKEA of Sweden,,,47.0,Balcony
2127,20386505,SJÄLLAND,Outdoor furniture,356.0,SR 445/2 pack,True,https://www.ikea.com/sa/en/p/sjaelland-table-top-outdoor-light-brown-20386505/,Yes,"        Table top, outdoor,          85x72 cm",David Wahl,,,72.0,Balcony
2128,20404528,HAVSTEN,Outdoor furniture,385.0,No old price,True,https://www.ikea.com/sa/en/p/havsten-seat-cushion-outdoor-beige-20404528/,No,"        Seat cushion, outdoor,          100x98 cm",Andreas Fredriksson,100.0,,98.0,Balcony
2129,60424586,SOLLERÖN,Outdoor furniture,495.0,No old price,True,https://www.ikea.com/sa/en/p/solleroen-armrest-section-outdoor-dark-grey-60424586/,No,"        Armrest section, outdoor",Jonas Hultqvist,82.0,53.0,18.0,Balcony
2130,50339763,KUNGSÖ,Outdoor furniture,110.0,No old price,True,https://www.ikea.com/sa/en/p/kungsoe-back-cushion-outdoor-white-50339763/,No,"        Back cushion, outdoor,          62x44 cm",IKEA of Sweden,44.0,,62.0,Balcony
2131,80351819,KUNGSÖ,Outdoor furniture,149.0,No old price,True,https://www.ikea.com/sa/en/p/kungsoe-seat-cushion-outdoor-white-80351819/,No,"        Seat cushion, outdoor,          62x62 cm",IKEA of Sweden,62.0,,62.0,Balcony
2132,50365177,MAMMUT,Outdoor furniture,129.0,No old price,True,https://www.ikea.com/sa/en/p/mammut-childrens-table-in-outdoor-white-50365177/,No,"        Children's table,          77x55 cm",M Kjelstrup/A Östgaard,,48.0,55.0,Balcony
2133,90365180,MAMMUT,Outdoor furniture,149.0,No old price,True,https://www.ikea.com/sa/en/p/mammut-childrens-table-in-outdoor-blue-90365180/,No,"        Children's table,          85 cm",M Kjelstrup/A Östgaard,,48.0,,Balcony
2134,40365366,MAMMUT,Outdoor furniture,59.0,No old price,True,https://www.ikea.com/sa/en/p/mammut-childrens-chair-in-outdoor-red-40365366/,No,        Children's chair,M Kjelstrup/A Östgaard,36.0,67.0,39.0,Balcony
2135,80292330,TOSTERÖ,Outdoor furniture,103.0,No old price,True,https://www.ikea.com/sa/en/p/tosteroe-cover-for-barbecue-black-80292330/,No,"        Cover for barbecue,          72x52 cm",IKEA of Sweden,,111.0,52.0,Balcony
2136,79262447,SJÄLLAND,Outdoor furniture,676.0,SR 845,True,https://www.ikea.com/sa/en/p/sjaelland-table-outdoor-light-brown-light-grey-s79262447/,No,"        Table, outdoor,          156x90 cm",David Wahl,,73.0,90.0,Balcony
2137,80264493,HÅLLÖ,Outdoor furniture,75.0,No old price,True,https://www.ikea.com/sa/en/p/halloe-back-cushion-outdoor-black-80264493/,No,"        Back cushion, outdoor,          62x42 cm",IKEA of Sweden,42.0,,62.0,Balcony
2138,30391714,FRÖSÖN,Outdoor furniture,75.0,No old price,True,https://www.ikea.com/sa/en/p/froesoen-cover-for-seat-back-cushion-outdoor-beige-30391714/,Yes,"        Cover for seat/back cushion,          116x45 cm",Eva Lilja Löwenhielm,,,45.0,Balcony
2139,90417914,KUDDARNA,Outdoor furniture,49.0,No old price,True,https://www.ikea.com/sa/en/p/kuddarna-chair-cushion-outdoor-light-blue-90417914/,No,"        Chair cushion, outdoor,          50x50 cm",IKEA of Sweden,50.0,,50.0,Balcony
2140,10404519,HAVSTEN,Outdoor furniture,125.0,No old price,True,https://www.ikea.com/sa/en/p/havsten-supporting-stand-outdoor-beige-10404519/,No,"        Supporting stand, outdoor",Andreas Fredriksson,92.0,75.0,2.0,Balcony
2141,20424593,SOLLERÖN,Outdoor furniture,709.0,No old price,True,https://www.ikea.com/sa/en/p/solleroen-corner-section-outdoor-dark-grey-20424593/,No,"        Corner section, outdoor",Jonas Hultqvist,82.0,74.0,82.0,Balcony
2142,49303595,SOLLERÖN,Outdoor furniture,4345.0,No old price,True,https://www.ikea.com/sa/en/p/solleroen-modular-corner-sofa-4-seat-outdoor-with-footstool-dark-grey-kuddarna-beige-s49303595/,Yes,"        Modular corner sofa 4-seat, outdoor",IKEA of Sweden/Jonas Hultqvist,82.0,84.0,287.0,Balcony
2143,50404522,HAVSTEN,Outdoor furniture,215.0,No old price,True,https://www.ikea.com/sa/en/p/havsten-seat-and-back-part-outdoor-beige-50404522/,No,"        Seat and back part, outdoor",Andreas Fredriksson,,,80.0,Balcony
2144,59253439,FRÖSÖN/DUVHOLMEN,Outdoor furniture,59.0,No old price,True,https://www.ikea.com/sa/en/p/froesoen-duvholmen-chair-cushion-outdoor-beige-s59253439/,Yes,"        Chair cushion, outdoor,          44x44 cm",Eva Lilja Löwenhielm/IKEA of Sweden,44.0,,44.0,Balcony
2145,60264540,HÅLLÖ,Outdoor furniture,115.0,No old price,True,https://www.ikea.com/sa/en/p/halloe-seat-cushion-outdoor-black-60264540/,No,"        Seat cushion, outdoor,          62x62 cm",IKEA of Sweden,62.0,,62.0,Balcony
2146,20411072,KUDDARNA,Outdoor furniture,29.0,No old price,True,https://www.ikea.com/sa/en/p/kuddarna-chair-cushion-outdoor-light-blue-20411072/,No,"        Chair cushion, outdoor,          36x32 cm",IKEA of Sweden,32.0,,36.0,Balcony
2147,50391850,DUVHOLMEN,Outdoor furniture,80.0,No old price,True,https://www.ikea.com/sa/en/p/duvholmen-inner-cushion-for-seat-cushion-outdoor-grey-50391850/,No,"        Inner cushion for seat cushion,          62x62 cm",IKEA of Sweden,62.0,,62.0,Balcony
2148,39253077,FRÖSÖN/DUVHOLMEN,Outdoor furniture,145.0,No old price,True,https://www.ikea.com/sa/en/p/froesoen-duvholmen-seat-cushion-outdoor-beige-s39253077/,Yes,"        Seat cushion, outdoor,          62x62 cm",IKEA of Sweden/Eva Lilja Löwenhielm,62.0,,62.0,Balcony
2149,60151840,LÄCKÖ,Outdoor furniture,149.0,No old price,True,https://www.ikea.com/sa/en/p/laeckoe-chair-outdoor-grey-60151840/,No,"        Chair, outdoor",Jon Karlsson,52.0,87.0,42.0,Balcony
2150,79291360,FRÖSÖN/DUVHOLMEN,Outdoor furniture,70.0,No old price,True,https://www.ikea.com/sa/en/p/froesoen-duvholmen-chair-cushion-outdoor-dark-grey-s79291360/,Yes,"        Chair cushion, outdoor,          50x50 cm",Eva Lilja Löwenhielm/IKEA of Sweden,50.0,,50.0,Balcony
2151,411092,KUDDARNA,Outdoor furniture,39.0,No old price,True,https://www.ikea.com/sa/en/p/kuddarna-chair-cushion-outdoor-light-blue-00411092/,No,"        Chair cushion, outdoor,          44x44 cm",IKEA of Sweden,44.0,,44.0,Balcony
2152,80311828,SALTHOLMEN,Outdoor furniture,125.0,No old price,True,https://www.ikea.com/sa/en/p/saltholmen-chair-outdoor-foldable-beige-80311828/,No,"        Chair, outdoor",Jon Karlsson,46.0,83.0,42.0,Balcony
2153,339204,MASTHOLMEN,Outdoor furniture,729.0,No old price,True,https://www.ikea.com/sa/en/p/mastholmen-2-seat-sofa-outdoor-00339204/,No,"        2-seat sofa, outdoor,          118x67x80 cm",Nike Karlsson,67.0,80.0,118.0,Balcony
2154,20391856,DUVHOLMEN,Outdoor furniture,75.0,No old price,True,https://www.ikea.com/sa/en/p/duvholmen-inner-cushion-for-seat-back-cushion-outdoor-grey-20391856/,No,"        Inner cushion for seat/back cushion,          71x45/42x45 cm",IKEA of Sweden,,,,Balcony
2155,19241387,SOLLERÖN,Outdoor furniture,2794.0,No old price,True,https://www.ikea.com/sa/en/p/solleroen-3-seat-modular-sofa-outdoor-brown-kungsoe-white-s19241387/,Yes,"        3-seat modular sofa, outdoor,          223x82x87 cm",Jonas Hultqvist/IKEA of Sweden,82.0,87.0,223.0,Balcony
2156,20373621,SOLLERÖN,Outdoor furniture,709.0,No old price,True,https://www.ikea.com/sa/en/p/solleroen-corner-section-outdoor-brown-20373621/,No,"        Corner section, outdoor",Jonas Hultqvist,82.0,74.0,82.0,Balcony
2157,29291857,SJÄLLAND,Outdoor furniture,3102.0,"SR 3,735",True,https://www.ikea.com/sa/en/p/sjaelland-table-6-reclining-chairs-outdoor-dark-grey-kuddarna-beige-s29291857/,Yes,"        Table+6 reclining chairs, outdoor,          156x90 cm",David Wahl/IKEA of Sweden,,73.0,90.0,Balcony
2158,40404513,HAVSTEN,Outdoor furniture,395.0,No old price,True,https://www.ikea.com/sa/en/p/havsten-armrest-section-outdoor-beige-40404513/,No,"        Armrest section, outdoor",Andreas Fredriksson,92.0,75.0,9.0,Balcony
2159,60365167,MAMMUT,Outdoor furniture,129.0,No old price,True,https://www.ikea.com/sa/en/p/mammut-childrens-table-in-outdoor-red-60365167/,No,"        Children's table,          77x55 cm",M Kjelstrup/A Östgaard,,48.0,55.0,Balcony
2160,39251926,HAVSTEN,Outdoor furniture,1220.0,No old price,True,https://www.ikea.com/sa/en/p/havsten-armchair-in-outdoor-beige-s39251926/,No,"        Armchair, in/outdoor,          98x94x90 cm",Andreas Fredriksson,94.0,90.0,98.0,Balcony
2161,40264485,HÅLLÖ,Outdoor furniture,75.0,No old price,True,https://www.ikea.com/sa/en/p/halloe-chair-cushion-outdoor-black-40264485/,No,"        Chair cushion, outdoor,          50x50 cm",IKEA of Sweden,50.0,,50.0,Balcony
2162,60417897,DUVHOLMEN,Outdoor furniture,35.0,No old price,True,https://www.ikea.com/sa/en/p/duvholmen-inner-cushion-for-chair-cushion-outdoor-grey-60417897/,No,"        Inner cushion for chair cushion,          50x50 cm",IKEA of Sweden,50.0,,50.0,Balcony
2163,99285928,SOLLERÖN,Outdoor furniture,3564.0,No old price,True,https://www.ikea.com/sa/en/p/solleroen-modular-corner-sofa-3-seat-outdoor-brown-froesoen-duvholmen-beige-s99285928/,No,"        Modular corner sofa 3-seat, outdoor",Eva Lilja Löwenhielm/Jonas Hultqvist/IKEA of Sweden,82.0,88.0,144.0,Balcony
